"Study.ID"	"Cross.ID"	"Env.ID"	"Usable"	"File"	"Source"	"Study.name"	"Genus"	"spL.name"	"spS.name"	"species.pair"	"taxa"	"sex.det"	"hetero.males"	"trait.type"	"trait"	"Mn.spL"	"SD.spL"	"SE.spL"	"Mn.hybLS"	"SD.hybLS"	"SE.hybLS"	"Mn.hybSL"	"SD.hybSL"	"SE.hybSL"	"Mn.spS"	"SD.spS"	"SE.spS"	"Parents.spLF.spL"	"Parents.sp.spL"	"Parents.spLF.hybLS"	"Parents.sp.hybSL"	"Parents.spSF.hybSL"	"Parents.sp.hybLS"	"Parents.spSF.spS"	"Parents.sp.spS"	"lnL.lnS"	"divergence"	"N.spL"	"N.hybLS"	"N.hybSL"	"N.spS"	"reps.spL"	"reps.hybLS"	"reps.hybSL"	"reps.spS"	"Bottleneck.spLF"	"Bottleneck.sp"	"Bottleneck.spSF"	"Bottleneck.sp.1"	"Survival.spL"	"Survival.hybLS"	"Survival.hybSL"	"Survival.spS"	"surv.relat.hybLS"	"surv.relat.hybSL"	"surv.File"	"surv.Source"	"surv.Study.name"	"comments"	"parentals"	"ES.ID"	"sex"	"SMD.recip.es"	"SMD.recip.sv"	"lnRR.recip.es"	"lnRR.recip.sv"
"s001"	NA	NA	"y"	"Blankers-2015-JEB"	"table1"	"Blankers.et.al_2015"	"Gryllus"	"Gryllus_texensis"	"Gryllus_rubens"	"Gryllus_rubens_Gryllus_texensis"	"Orthoptera"	"X0"	0.31197122273624	0.31197122273624	"Pulse rate"	66.88	5.4	NA	61.96	2.79	NA	55.27	3.96	NA	45.34	3.86	NA	NA	NA	12	12	12	12	NA	NA	-0.0764298027616157	-0.695224376631898	44	28	22	73	NA	NA	NA	NA	NA	NA	NA	NA	43.8	52.4	69.1	76.5	0.146548496696866	0.512231792442923	"Cade_1989_Gryllus.mortality"	"table1"	NA	NA	NA	"ES002"	"male"	1.96415491779858	0.119747876579954	0.114258749703496	0.00305478773890335
"s001"	NA	NA	"y"	"Blankers-2015-JEB"	"table1"	"Blankers.et.al_2015"	"Gryllus"	"Gryllus_texensis"	"Gryllus_rubens"	"Gryllus_rubens_Gryllus_texensis"	"Orthoptera"	"X0"	0.31197122273624	0.31197122273624	"Trill rate"	1.28	0.39	NA	0.68	0.35	NA	0.59	0.25	NA	0.28	0.15	NA	NA	NA	12	12	12	12	NA	NA	0.575606644066865	-0.695224376631898	44	28	22	73	NA	NA	NA	NA	NA	NA	NA	NA	43.8	52.4	69.1	76.5	0.146548496696866	0.512231792442923	"Cade_1989_Gryllus.mortality"	"table1"	NA	NA	NA	"ES004"	"male"	0.285535787301714	0.0819841380271313	0.141970261270387	0.00192521822889693
"s002"	"parallelus_localityA"	NA	"y"	"ButlinHewitt_BiolJLinnSoc.1988"	"Fig1"	"Butlin&Hewitt_1988"	"Chorthippus"	"Chorthippus_parallelus_eythropus"	"Chorthippus_parallelus_parallelus"	"Chorthippus_parallelus_eythropus_Chorthippus_parallelus_parallelus"	"Orthoptera"	"X0"	0.31197122273624	0.31197122273624	"EI"	14.96	3.09586821424944	NA	12.5	1.89736659610103	NA	11.6	2.32163735324878	NA	9.18888888888889	1.58636162645109	NA	NA	NA	NA	NA	NA	NA	NA	NA	-0.0195483832198299	NA	10	7	12	9	NA	NA	NA	NA	NA	NA	NA	NA	NA	NA	NA	NA	NA	NA	NA	NA	NA	NA	NA	"ES006"	"male"	0.394070231647392	0.230277090597598	0.0747235461959366	0.0347216669558245
"s002"	"parallelus_localityB"	NA	"y"	"ButlinHewitt_BiolJLinnSoc.1988"	"Fig1"	"Butlin&Hewitt_1988"	"Chorthippus"	"Chorthippus_parallelus_eythropus"	"Chorthippus_parallelus_parallelus"	"Chorthippus_parallelus_eythropus_Chorthippus_parallelus_parallelus"	"Orthoptera"	"X0"	0.31197122273624	0.31197122273624	"EI"	14.96	3.09586821424944	NA	12.7666666666667	1.74610678049451	NA	11.74	2.94998305079877	NA	10.788	2.47035544001263	NA	NA	NA	NA	NA	NA	NA	NA	NA	-0.112034367292217	NA	10	3	10	25	NA	NA	NA	NA	NA	NA	NA	NA	NA	NA	NA	NA	NA	NA	NA	NA	NA	NA	NA	"ES007"	"male"	0.344642562751184	0.437901737027937	0.0838357931185429	0.163187325012901
"s002"	"parallelus_localityB"	NA	"y"	"ButlinHewitt_BiolJLinnSoc.1988"	"Fig1"	"Butlin&Hewitt_1988"	"Chorthippus"	"Chorthippus_parallelus_eythropus"	"Chorthippus_parallelus_parallelus"	"Chorthippus_parallelus_eythropus_Chorthippus_parallelus_parallelus"	"Orthoptera"	"X0"	0.31197122273624	0.31197122273624	"SI"	15.1375	11.2491874706576	NA	10.425	10.2530483272049	NA	6.93055555555555	5.62480589514204	NA	11.4291666666667	11.0768872658342	NA	NA	NA	NA	NA	NA	NA	NA	NA	-0.138516120151809	NA	8	3	9	24	NA	NA	NA	NA	NA	NA	NA	NA	NA	NA	NA	NA	NA	NA	NA	NA	NA	NA	NA	"ES009"	"male"	0.473698505080138	0.453794039182576	0.408266790949403	11.551588823028
"s002"	"parallelus_localityA"	NA	"y"	"ButlinHewitt_BiolJLinnSoc.1988"	"Fig1"	"Butlin&Hewitt_1988"	"Chorthippus"	"Chorthippus_parallelus_parallelus"	"Chorthippus_parallelus_eythropus"	"Chorthippus_parallelus_eythropus_Chorthippus_parallelus_parallelus"	"Orthoptera"	"X0"	0.31197122273624	0.31197122273624	"ES"	59.4444444444444	25.434495871688	NA	43.6666666666667	18.5711843695788	NA	60.7142857142857	12.9362644830535	NA	31.6666666666667	26.6666666666667	NA	NA	NA	NA	NA	NA	NA	NA	NA	0.0625344659164496	NA	9	15	7	10	NA	NA	NA	NA	NA	NA	NA	NA	NA	NA	NA	NA	NA	NA	NA	NA	NA	NA	NA	"ES010"	"male"	-0.960285599581426	0.230481728450252	-0.329593985336061	6.26935614028347
"s002"	"parallelus_localityB"	NA	"y"	"ButlinHewitt_BiolJLinnSoc.1988"	"Fig1"	"Butlin&Hewitt_1988"	"Chorthippus"	"Chorthippus_parallelus_parallelus"	"Chorthippus_parallelus_eythropus"	"Chorthippus_parallelus_eythropus_Chorthippus_parallelus_parallelus"	"Orthoptera"	"X0"	0.31197122273624	0.31197122273624	"ES"	44.1666666666667	25.3174292182722	NA	52.2727272727273	18.1363066756909	NA	31.6666666666667	9.42809041582063	NA	31.6666666666667	26.6666666666667	NA	NA	NA	NA	NA	NA	NA	NA	NA	-0.108713882507154	NA	10	11	3	10	NA	NA	NA	NA	NA	NA	NA	NA	NA	NA	NA	NA	NA	NA	NA	NA	NA	NA	NA	"ES011"	"male"	1.13463297591116	0.470220709600461	0.501210165066548	30.5249710177021
"s002"	"parallelus_localityA"	NA	"y"	"ButlinHewitt_BiolJLinnSoc.1988"	"Fig1"	"Butlin&Hewitt_1988"	"Chorthippus"	"Chorthippus_parallelus_parallelus"	"Chorthippus_parallelus_eythropus"	"Chorthippus_parallelus_eythropus_Chorthippus_parallelus_parallelus"	"Orthoptera"	"X0"	0.31197122273624	0.31197122273624	"SH"	5.95454545454545	4.63903666260839	NA	9.21428571428571	5.3375833406484	NA	2.35714285714286	2.89968330431206	NA	4.15384615384615	12.6217151095916	NA	NA	NA	NA	NA	NA	NA	NA	NA	-0.0929107159670853	NA	11	14	14	26	NA	NA	NA	NA	NA	NA	NA	NA	NA	NA	NA	NA	NA	NA	NA	NA	NA	NA	NA	"ES012"	"male"	1.54988174691287	0.185752382668102	1.36330484289519	4.66202042415829
"s002"	"parallelus_localityB"	NA	"y"	"ButlinHewitt_BiolJLinnSoc.1988"	"Fig1"	"Butlin&Hewitt_1988"	"Chorthippus"	"Chorthippus_parallelus_parallelus"	"Chorthippus_parallelus_eythropus"	"Chorthippus_parallelus_eythropus_Chorthippus_parallelus_parallelus"	"Orthoptera"	"X0"	0.31197122273624	0.31197122273624	"SH"	7.36666666666667	5.07937003968012	NA	7.91666666666667	5.52959210872637	NA	4.78571428571429	5.03457433905889	NA	4.15384615384615	12.6217151095916	NA	NA	NA	NA	NA	NA	NA	NA	NA	0.0297648005966693	NA	30	12	7	26	NA	NA	NA	NA	NA	NA	NA	NA	NA	NA	NA	NA	NA	NA	NA	NA	NA	NA	NA	"ES013"	"male"	0.557901373852483	0.23438136942591	0.503334952036832	6.2462942326663
"s002"	"parallelus_localityA"	NA	"y"	"ButlinHewitt_BiolJLinnSoc.1988"	"Fig1"	"Butlin&Hewitt_1988"	"Chorthippus"	"Chorthippus_parallelus_parallelus"	"Chorthippus_parallelus_eythropus"	"Chorthippus_parallelus_eythropus_Chorthippus_parallelus_parallelus"	"Orthoptera"	"X0"	0.31197122273624	0.31197122273624	"EH"	200	120.332871651931	NA	194.285714285714	83.6416066760254	NA	108.571428571429	102.738026264944	NA	63.0769230769231	66.4928701076133	NA	NA	NA	NA	NA	NA	NA	NA	NA	0.364703101017299	NA	10	14	14	26	NA	NA	NA	NA	NA	NA	NA	NA	NA	NA	NA	NA	NA	NA	NA	NA	NA	NA	NA	"ES014"	"male"	0.888297754009499	0.156947730353184	0.581921545449716	612.369226072138
"s002"	"parallelus_localityA"	NA	"y"	"ButlinHewitt_BiolJLinnSoc.1988"	"Fig1"	"Butlin&Hewitt_1988"	"Chorthippus"	"Chorthippus_parallelus_eythropus"	"Chorthippus_parallelus_parallelus"	"Chorthippus_parallelus_eythropus_Chorthippus_parallelus_parallelus"	"Orthoptera"	"X0"	0.31197122273624	0.31197122273624	"COH"	4.98	5.9337677743572	NA	7.85714285714286	6.97554035651046	NA	6.42857142857143	5.03508101387917	NA	2.5	3.90803368367358	NA	NA	NA	NA	NA	NA	NA	NA	NA	0.096753716088835	NA	25	14	14	11	NA	NA	NA	NA	NA	NA	NA	NA	NA	NA	NA	NA	NA	NA	NA	NA	NA	NA	NA	"ES016"	"male"	0.227988372500479	0.143785333892775	0.200670695462152	3.95122924997537
"s002"	"parallelus_localityB"	NA	"y"	"ButlinHewitt_BiolJLinnSoc.1988"	"Fig1"	"Butlin&Hewitt_1988"	"Chorthippus"	"Chorthippus_parallelus_eythropus"	"Chorthippus_parallelus_parallelus"	"Chorthippus_parallelus_eythropus_Chorthippus_parallelus_parallelus"	"Orthoptera"	"X0"	0.31197122273624	0.31197122273624	"COH"	4.98	5.9337677743572	NA	3.5	4.89897948556636	NA	10.1923076923077	8.60576385904431	NA	3.76666666666667	4.61109772421082	NA	NA	NA	NA	NA	NA	NA	NA	NA	-0.139534765368653	NA	25	8	13	30	NA	NA	NA	NA	NA	NA	NA	NA	NA	NA	NA	NA	NA	NA	NA	NA	NA	NA	NA	"ES017"	"male"	-0.861401166746501	0.219590028591463	-1.06887031946937	33.853434482813
"s002"	"parallelus_localityA"	NA	"y"	"ButlinHewitt_BiolJLinnSoc.1988"	"Fig1"	"Butlin&Hewitt_1988"	"Chorthippus"	"Chorthippus_parallelus_eythropus"	"Chorthippus_parallelus_parallelus"	"Chorthippus_parallelus_eythropus_Chorthippus_parallelus_parallelus"	"Orthoptera"	"X0"	0.31197122273624	0.31197122273624	"COD"	60.4615384615385	13.8153503511653	NA	51.6	7.2	NA	58.2857142857143	17.9181813946002	NA	44.4	11.7575507653593	NA	NA	NA	NA	NA	NA	NA	NA	NA	-0.122512925479243	NA	13	10	14	5	NA	NA	NA	NA	NA	NA	NA	NA	NA	NA	NA	NA	NA	NA	NA	NA	NA	NA	NA	"ES018"	"male"	-0.444440462073287	0.175543724018736	-0.121835352861332	2.60634463877817
"s002"	"parallelus_localityB"	NA	"y"	"ButlinHewitt_BiolJLinnSoc.1988"	"Fig1"	"Butlin&Hewitt_1988"	"Chorthippus"	"Chorthippus_parallelus_eythropus"	"Chorthippus_parallelus_parallelus"	"Chorthippus_parallelus_eythropus_Chorthippus_parallelus_parallelus"	"Orthoptera"	"X0"	0.31197122273624	0.31197122273624	"COD"	60.4615384615385	13.8153503511653	NA	66	9.79795897113271	NA	55.0909090909091	11.9503103455673	NA	43.5	14.6201915172134	NA	NA	NA	NA	NA	NA	NA	NA	NA	-0.110707986337931	NA	13	3	11	16	NA	NA	NA	NA	NA	NA	NA	NA	NA	NA	NA	NA	NA	NA	NA	NA	NA	NA	NA	"ES019"	"male"	0.878733610574625	0.45182002275505	0.180670028755481	1.94076806069037
"s002"	"parallelus_localityA"	NA	"y"	"ButlinHewitt_BiolJLinnSoc.1988"	"Fig1"	"Butlin&Hewitt_1988"	"Chorthippus"	"Chorthippus_parallelus_eythropus"	"Chorthippus_parallelus_parallelus"	"Chorthippus_parallelus_eythropus_Chorthippus_parallelus_parallelus"	"Orthoptera"	"X0"	0.31197122273624	0.31197122273624	"NS"	13.9	2.6153393661244	NA	15.6666666666667	2.03442593595562	NA	13.8846153846154	1.64262742338943	NA	12	1.5	NA	NA	NA	NA	NA	NA	NA	NA	NA	-0.2157750446176	NA	10	6	13	10	NA	NA	NA	NA	NA	NA	NA	NA	NA	NA	NA	NA	NA	NA	NA	NA	NA	NA	NA	"ES022"	"male"	0.963299495148344	0.268009372993771	0.120753892730551	0.0105073378567272
"s002"	"parallelus_localityB"	NA	"y"	"ButlinHewitt_BiolJLinnSoc.1988"	"Fig1"	"Butlin&Hewitt_1988"	"Chorthippus"	"Chorthippus_parallelus_eythropus"	"Chorthippus_parallelus_parallelus"	"Chorthippus_parallelus_eythropus_Chorthippus_parallelus_parallelus"	"Orthoptera"	"X0"	0.31197122273624	0.31197122273624	"NS"	13.9	2.6153393661244	NA	12.1666666666667	0.471404520791032	NA	13.6818181818182	1.19226154987309	NA	12.7	2.48193472919817	NA	NA	NA	NA	NA	NA	NA	NA	NA	-0.248457323950512	NA	10	3	11	25	NA	NA	NA	NA	NA	NA	NA	NA	NA	NA	NA	NA	NA	NA	NA	NA	NA	NA	NA	"ES023"	"male"	-1.28303534990008	0.48303455671004	-0.117367839470222	0.00408521974320504
"s002"	"parallelus_localityA"	NA	"y"	"ButlinHewitt_BiolJLinnSoc.1988"	"Fig1"	"Butlin&Hewitt_1988"	"Chorthippus"	"Chorthippus_parallelus_eythropus"	"Chorthippus_parallelus_parallelus"	"Chorthippus_parallelus_eythropus_Chorthippus_parallelus_parallelus"	"Orthoptera"	"X0"	0.31197122273624	0.31197122273624	"COR"	3.5	3.273	NA	3.31818181818182	3.12989430461645	NA	3.25	3.074110950518	NA	2.5	2.40743672035217	NA	NA	NA	NA	NA	NA	NA	NA	NA	-0.106542676992876	NA	14	11	12	4	NA	NA	NA	NA	NA	NA	NA	NA	NA	NA	NA	NA	NA	NA	NA	NA	NA	NA	NA	"ES026"	"male"	0.021192090585409	0.17425218738815	0.0207619914484296	1.49267964280059
"s002"	"parallelus_localityB"	NA	"y"	"ButlinHewitt_BiolJLinnSoc.1988"	"Fig1"	"Butlin&Hewitt_1988"	"Chorthippus"	"Chorthippus_parallelus_eythropus"	"Chorthippus_parallelus_parallelus"	"Chorthippus_parallelus_eythropus_Chorthippus_parallelus_parallelus"	"Orthoptera"	"X0"	0.31197122273624	0.31197122273624	"COR"	3.5	3.273	NA	3	2.82624652931135	NA	2.5	2.36147317971481	NA	1.63333333333333	1.49742835109619	NA	NA	NA	NA	NA	NA	NA	NA	NA	0.138835400722664	NA	14	2	11	15	NA	NA	NA	NA	NA	NA	NA	NA	NA	NA	NA	NA	NA	NA	NA	NA	NA	NA	NA	"ES027"	"male"	0.193143210812427	0.592343871673819	0.182321556793955	2.35474143639486
"s002"	"parallelus_localityA"	NA	"y"	"ButlinHewitt_BiolJLinnSoc.1988"	"Fig1"	"Butlin&Hewitt_1988"	"Chorthippus"	"Chorthippus_parallelus_eythropus"	"Chorthippus_parallelus_parallelus"	"Chorthippus_parallelus_eythropus_Chorthippus_parallelus_parallelus"	"Orthoptera"	"X0"	0.31197122273624	-3.199364454444	"NP"	146.428571428571	14.2380156073581	NA	133.333333333333	10.6718737290547	NA	119.285714285714	9.03507902905251	NA	112.142857142857	10.3015750727543	NA	NA	NA	NA	NA	NA	NA	NA	NA	-0.146726195311421	NA	21	12	14	27	NA	NA	NA	NA	NA	NA	NA	NA	NA	NA	NA	NA	NA	NA	NA	NA	NA	NA	NA	"ES030"	"male"	1.38536955998161	0.191670535871975	0.11133068264433	0.090241855541481
"s002"	"parallelus_localityB"	NA	"y"	"ButlinHewitt_BiolJLinnSoc.1988"	"Fig1"	"Butlin&Hewitt_1988"	"Chorthippus"	"Chorthippus_parallelus_eythropus"	"Chorthippus_parallelus_parallelus"	"Chorthippus_parallelus_eythropus_Chorthippus_parallelus_parallelus"	"Orthoptera"	"X0"	0.31197122273624	-3.199364454444	"NP"	146.428571428571	14.2380156073581	NA	126.5	9.63068014212911	NA	106.25	17.9843682124227	NA	94.2592592592593	11.1971973761711	NA	NA	NA	NA	NA	NA	NA	NA	NA	-0.0465819426161545	NA	21	20	16	7	NA	NA	NA	NA	NA	NA	NA	NA	NA	NA	NA	NA	NA	NA	NA	NA	NA	NA	NA	"ES031"	"male"	1.41960150618306	0.14048983939385	0.174447500363049	0.327724255638989
"s002"	"parallelus_localityA"	NA	"y"	"ButlinHewitt_BiolJLinnSoc.1988"	"Fig1"	"Butlin&Hewitt_1988"	"Chorthippus"	"Chorthippus_parallelus_eythropus"	"Chorthippus_parallelus_parallelus"	"Chorthippus_parallelus_eythropus_Chorthippus_parallelus_parallelus"	"Orthoptera"	"X0"	0.31197122273624	-3.199364454444	"PD"	36.5294117647059	3.10819877967598	NA	34.3333333333333	2.10818510677892	NA	31.3636363636364	2.22680885707562	NA	30.2	3.91918358845308	NA	NA	NA	NA	NA	NA	NA	NA	NA	-0.190818245817289	NA	17	9	11	5	NA	NA	NA	NA	NA	NA	NA	NA	NA	NA	NA	NA	NA	NA	NA	NA	NA	NA	NA	"ES032"	"male"	1.30761775670097	0.244766806961194	0.0904675553285346	0.00417673804936167
"s002"	"parallelus_localityB"	NA	"y"	"ButlinHewitt_BiolJLinnSoc.1988"	"Fig1"	"Butlin&Hewitt_1988"	"Chorthippus"	"Chorthippus_parallelus_eythropus"	"Chorthippus_parallelus_parallelus"	"Chorthippus_parallelus_eythropus_Chorthippus_parallelus_parallelus"	"Orthoptera"	"X0"	0.31197122273624	-3.199364454444	"PD"	36.5294117647059	3.10819877967598	NA	32.5294117647059	2.11764705882353	NA	29.3333333333333	3.54338193757822	NA	27.2222222222222	1.87247772737252	NA	NA	NA	NA	NA	NA	NA	NA	NA	-0.130977501425268	NA	17	17	12	18	NA	NA	NA	NA	NA	NA	NA	NA	NA	NA	NA	NA	NA	NA	NA	NA	NA	NA	NA	"ES033"	"male"	1.11419791779507	0.16356094895232	0.103420131656024	0.00920952640040498
"s003"	NA	NA	"y"	"Carson_1994.PNAS"	"table4"	"Carson.et.al_1994"	"Drosophila"	"Drosophila_silvestris"	"Drosophila_heteroneura"	"Drosophila_heteroneura_Drosophila_silvestris"	"Diptera"	"XY"	0.31197122273624	-3.199364454444	"Number of tibial cilia on male foreleg"	72.85	6.33	NA	59.57	3.67	NA	45.15	2.76	NA	37.25	1.65	NA	35	35	35	35	35	35	35	35	0.0861535435470349	NA	20	20	20	20	NA	NA	NA	NA	NA	NA	NA	NA	NA	NA	NA	NA	NA	NA	NA	NA	NA	NA	NA	"ES034"	"male"	4.35264258329257	0.336818718223648	0.277161811777602	0.00429274730045899
"s004"	"BGxSPD"	NA	"y"	"Coyne_1983.Drosophila.Evolution"	"table3"	"Coyne_1983"	"Drosophila"	"Drosophila_simulans"	"Drosophila_mauritiana"	"Drosophila_mauritiana_Drosophila_simulans"	"Diptera"	"XY"	0.31197122273624	-3.199364454444	"GA"	12166	805.152159532594	147	5400	651.789843431148	119	5139	471.041399454443	86	1442	202.657346276911	37	3	3	20	20	20	20	3	3	0.928851193195092	NA	30	30	30	30	NA	NA	NA	NA	NA	NA	NA	NA	NA	NA	NA	NA	NA	NA	NA	NA	NA	NA	NA	"ES038"	"male"	0.453022158820981	0.0683769089698568	0.0495404455601367	251.494355351697
"s004"	"BGxSPD"	NA	"y"	"Coyne_1983.Drosophila.Evolution"	"table3"	"Coyne_1983"	"Drosophila"	"Drosophila_simulans"	"Drosophila_mauritiana"	"Drosophila_mauritiana_Drosophila_simulans"	"Diptera"	"XY"	0.31197122273624	-3.199364454444	"WL"	477	10.9544511501033	2	487	10.9544511501033	2	497	10.9544511501033	2	462	10.9544511501033	2	3	3	20	20	20	20	3	3	-0.282084932663664	NA	30	30	30	30	NA	NA	NA	NA	NA	NA	NA	NA	NA	NA	NA	NA	NA	NA	NA	NA	NA	NA	NA	"ES039"	"male"	-0.901006876112362	0.0734317782566813	-0.0203259030140392	0.00396712230321374
"s010"	"compared with EUR1"	NA	"y"	"Derégnaucourt_Quail.song"	"table2"	"Derégnaucourt_2010"	"Coturnix"	"Coturnix_coturnix_coturnix"	"Coturnix_coturnix_japonica"	"Coturnix_coturnix_coturnix_Coturnix_coturnix_japonica"	"Bird"	"ZW"	-3.199364454444	0.31197122273624	"S1"	383	122.376468326227	24	161	43.081318457076	8	193	103.40696301507	17	63	95.2470471983253	18	NA	NA	8	8	15	15	NA	NA	0.739939094160928	-0.394510851418707	26	29	37	28	NA	NA	NA	NA	NA	NA	NA	NA	0.347634	0.38592	0.32175	NA	0.490833466939314	0.243945074768485	"Deregnaucourt_2002_Quail"	"table2&3"	NA	NA	NA	"ES059"	"male"	-0.382734807076971	0.062619527560961	-0.181285823920422	95.8150117939301
"s010"	"compared with EUR1"	NA	"y"	"Derégnaucourt_Quail.song"	"table2"	"Derégnaucourt_2010"	"Coturnix"	"Coturnix_coturnix_japonica"	"Coturnix_coturnix_coturnix"	"Coturnix_coturnix_coturnix_Coturnix_coturnix_japonica"	"Bird"	"ZW"	-3.199364454444	0.31197122273624	"TD"	626	74.0810367098085	14	503	91.2414379544733	15	507	64.621977685614	12	383	122.376468326227	24	NA	NA	15	15	8	8	NA	NA	-0.0172826672768177	-0.394510851418707	28	37	29	26	NA	NA	NA	NA	NA	NA	NA	NA	NA	0.32175	0.38592	0.347634	0.243945074768485	0.490833466939314	"Deregnaucourt_2002_Quail"	"table2&3"	NA	NA	NA	"ES062"	"male"	-0.0489928518943721	0.0615279697351163	-0.00792083349144423	10.211785750038
"s010"	"compared with EUR1"	NA	"y"	"Derégnaucourt_Quail.song"	"table2"	"Derégnaucourt_2010"	"Coturnix"	"Coturnix_coturnix_coturnix"	"Coturnix_coturnix_japonica"	"Coturnix_coturnix_coturnix_Coturnix_coturnix_japonica"	"Bird"	"ZW"	-3.199364454444	0.31197122273624	"T12"	203	76.4852927038918	15	177	53.851648071345	10	191	54.744862772684	9	163	84.6640419540669	16	NA	NA	8	8	15	15	NA	NA	-0.173997327260877	-0.394510851418707	26	29	37	28	NA	NA	NA	NA	NA	NA	NA	NA	0.347634	0.38592	0.32175	NA	0.490833466939314	0.243945074768485	"Deregnaucourt_2002_Quail"	"table2&3"	NA	NA	NA	"ES063"	"male"	-0.254529669907196	0.0620005837754672	-0.0761236954728011	16.0754195300581
"s010"	"compared with EUR1"	NA	"y"	"Derégnaucourt_Quail.song"	"table2"	"Derégnaucourt_2010"	"Coturnix"	"Coturnix_coturnix_japonica"	"Coturnix_coturnix_coturnix"	"Coturnix_coturnix_coturnix_Coturnix_coturnix_japonica"	"Bird"	"ZW"	-3.199364454444	0.31197122273624	"T23"	171	68.7895340876794	13	166	66.9103878332804	11	175	43.081318457076	8	138	112.178429299041	22	NA	NA	15	15	8	8	NA	NA	-0.176906062401343	-0.394510851418707	28	37	29	26	NA	NA	NA	NA	NA	NA	NA	NA	NA	0.32175	0.38592	0.347634	0.243945074768485	0.490833466939314	"Deregnaucourt_2002_Quail"	"table2&3"	NA	NA	NA	"ES064"	"male"	-0.154119284805557	0.0616897307533907	-0.0527981855669708	23.366161616004
"s010"	"compared with EUR1"	NA	"y"	"Derégnaucourt_Quail.song"	"table2"	"Derégnaucourt_2010"	"Coturnix"	"Coturnix_coturnix_japonica"	"Coturnix_coturnix_coturnix"	"Coturnix_coturnix_coturnix_Coturnix_coturnix_japonica"	"Bird"	"ZW"	-3.199364454444	0.31197122273624	"Mean of mean frequency"	2598	301.615649461363	57	2361	267.641551333122	44	2608	177.710438635439	33	1731	152.970585407784	30	NA	NA	15	15	8	8	NA	NA	-0.0664385118846953	-0.394510851418707	28	37	29	26	NA	NA	NA	NA	NA	NA	NA	NA	NA	0.32175	0.38592	0.347634	0.243945074768485	0.490833466939314	"Deregnaucourt_2002_Quail"	"table2&3"	NA	NA	NA	"ES065"	"male"	-1.04934043860311	0.0698515686483815	-0.0994983859610308	29.0392042130768
"s010"	"compared with EUR1"	NA	"y"	"Derégnaucourt_Quail.song"	"table2"	"Derégnaucourt_2010"	"Coturnix"	"Coturnix_coturnix_japonica"	"Coturnix_coturnix_coturnix"	"Coturnix_coturnix_coturnix_Coturnix_coturnix_japonica"	"Bird"	"ZW"	-3.199364454444	0.31197122273624	"Mean FM"	45.8	3.17490157327751	0.6	42.3	4.86621002423858	0.8	46.5	5.3851648071345	1	31.8	7.1386273190299	1.4	NA	NA	15	15	8	8	NA	NA	-0.0902027519881366	-0.394510851418707	28	37	29	26	NA	NA	NA	NA	NA	NA	NA	NA	NA	0.32175	0.38592	0.347634	0.243945074768485	0.490833466939314	"Deregnaucourt_2002_Quail"	"table2&3"	NA	NA	NA	"ES067"	"male"	-0.813873590260387	0.0665278933819844	-0.0946652265410783	0.0210036137845051
"s010"	"compared with EUR1"	NA	"y"	"Derégnaucourt_Quail.song"	"table2"	"Derégnaucourt_2010"	"Coturnix"	"Coturnix_coturnix_japonica"	"Coturnix_coturnix_coturnix"	"Coturnix_coturnix_coturnix_Coturnix_coturnix_japonica"	"Bird"	"ZW"	-3.199364454444	0.31197122273624	"Mean AM"	59	37.0405183549043	7	57	42.5793377120875	7	57	26.9258240356725	5	56	61.1882341631134	12	NA	NA	15	15	8	8	NA	NA	-0.270420866279677	-0.394510851418707	28	37	29	26	NA	NA	NA	NA	NA	NA	NA	NA	NA	0.32175	0.38592	0.347634	0.243945074768485	0.490833466939314	"Deregnaucourt_2002_Quail"	"table2&3"	NA	NA	NA	"ES068"	"male"	0	0.0615097856477167	0	33.8421009604503
"s010"	"compared with EUR1"	NA	"y"	"Derégnaucourt_Quail.song"	"table2"	"Derégnaucourt_2010"	"Coturnix"	"Coturnix_coturnix_japonica"	"Coturnix_coturnix_coturnix"	"Coturnix_coturnix_coturnix_Coturnix_coturnix_japonica"	"Bird"	"ZW"	-3.199364454444	0.31197122273624	"Variance of mean frequency"	642	195.78559701878	37	598	255.476026272525	42	628	242.332416321053	45	611	178.465682975747	35	NA	NA	15	15	8	8	NA	NA	-0.27197406995564	-0.394510851418707	28	37	29	26	NA	NA	NA	NA	NA	NA	NA	NA	NA	0.32175	0.38592	0.347634	0.243945074768485	0.490833466939314	"Deregnaucourt_2002_Quail"	"table2&3"	NA	NA	NA	"ES069"	"male"	-0.118677122562597	0.0616164845827147	-0.0489494125175671	634.842433551264
"s010"	"compared with EUR1"	NA	"y"	"Derégnaucourt_Quail.song"	"table2"	"Derégnaucourt_2010"	"Coturnix"	"Coturnix_coturnix_japonica"	"Coturnix_coturnix_coturnix"	"Coturnix_coturnix_coturnix_Coturnix_coturnix_japonica"	"Bird"	"ZW"	-3.199364454444	0.31197122273624	"Variance FM"	577	58.206528843421	11	614	54.744862772684	9	589	59.2368128784795	11	537	76.4852927038918	15	NA	NA	15	15	8	8	NA	NA	-0.259088684591755	-0.394510851418707	28	37	29	26	NA	NA	NA	NA	NA	NA	NA	NA	NA	0.32175	0.38592	0.347634	0.243945074768485	0.490833466939314	"Deregnaucourt_2002_Quail"	"table2&3"	NA	NA	NA	"ES071"	"male"	0.435312978558143	0.0629453719303012	0.0415687444955557	1.77500105344298
"s010"	"compared with EUR1"	NA	"y"	"Derégnaucourt_Quail.song"	"table2"	"Derégnaucourt_2010"	"Coturnix"	"Coturnix_coturnix_coturnix"	"Coturnix_coturnix_japonica"	"Coturnix_coturnix_coturnix_Coturnix_coturnix_japonica"	"Bird"	"ZW"	-3.199364454444	0.31197122273624	"Variance AM"	62	20.3960780543711	4	53	26.9258240356725	5	46	24.3310501211929	4	55	21.1660104885167	4	NA	NA	8	8	15	15	NA	NA	-0.231443645734328	-0.394510851418707	26	29	37	28	NA	NA	NA	NA	NA	NA	NA	NA	0.347634	0.38592	0.32175	NA	0.490833466939314	0.243945074768485	"Deregnaucourt_2002_Quail"	"table2&3"	NA	NA	NA	"ES072"	"male"	0.271291196753462	0.0620673531737464	0.141650517063027	10.5891019503975
"s010"	"compared with EUR2"	NA	"y"	"Derégnaucourt_Quail.song"	"table2"	"Derégnaucourt_2010"	"Coturnix"	"Coturnix_coturnix_japonica"	"Coturnix_coturnix_coturnix"	"Coturnix_coturnix_coturnix_Coturnix_coturnix_japonica"	"Bird"	"ZW"	-3.199364454444	0.31197122273624	"S1"	63	95.2470471983253	18	193	103.40696301507	17	161	43.081318457076	8	49	193.762741516526	38	NA	NA	15	15	8	8	NA	NA	-0.155632268819583	-0.394510851418707	28	37	29	26	NA	NA	NA	NA	NA	NA	NA	NA	NA	0.32175	0.38592	0.347634	0.243945074768485	0.490833466939314	"Deregnaucourt_2002_Quail"	"table2&3"	NA	NA	NA	"ES073"	"male"	0.382734807076971	0.062619527560961	0.181285823920422	95.8150117939301
"s010"	"compared with EUR2"	NA	"y"	"Derégnaucourt_Quail.song"	"table2"	"Derégnaucourt_2010"	"Coturnix"	"Coturnix_coturnix_coturnix"	"Coturnix_coturnix_japonica"	"Coturnix_coturnix_coturnix_Coturnix_coturnix_japonica"	"Bird"	"ZW"	-3.199364454444	0.31197122273624	"S2"	172	86.6833317310773	17	168	59.2368128784795	11	182	54.744862772684	9	59	79.3725393319377	15	NA	NA	8	8	15	15	NA	NA	0.316277848365313	-0.394510851418707	26	29	37	28	NA	NA	NA	NA	NA	NA	NA	NA	0.347634	0.38592	0.32175	NA	0.490833466939314	0.243945074768485	"Deregnaucourt_2002_Quail"	"table2&3"	NA	NA	NA	"ES074"	"male"	-0.24377526799256	0.0619599855059352	-0.0800427076735364	21.1406884983346
"s010"	"compared with EUR2"	NA	"y"	"Derégnaucourt_Quail.song"	"table2"	"Derégnaucourt_2010"	"Coturnix"	"Coturnix_coturnix_japonica"	"Coturnix_coturnix_coturnix"	"Coturnix_coturnix_coturnix_Coturnix_coturnix_japonica"	"Bird"	"ZW"	-3.199364454444	0.31197122273624	"TD"	626	74.0810367098085	14	503	91.2414379544733	15	507	64.621977685614	12	407	50.9901951359278	10	NA	NA	15	15	8	8	NA	NA	-0.0523185248759191	-0.394510851418707	28	37	29	26	NA	NA	NA	NA	NA	NA	NA	NA	NA	0.32175	0.38592	0.347634	0.243945074768485	0.490833466939314	"Deregnaucourt_2002_Quail"	"table2&3"	NA	NA	NA	"ES076"	"male"	-0.0489928518943721	0.0615279697351163	-0.00792083349144423	10.211785750038
"s010"	"compared with EUR2"	NA	"y"	"Derégnaucourt_Quail.song"	"table2"	"Derégnaucourt_2010"	"Coturnix"	"Coturnix_coturnix_coturnix"	"Coturnix_coturnix_japonica"	"Coturnix_coturnix_coturnix_Coturnix_coturnix_japonica"	"Bird"	"ZW"	-3.199364454444	0.31197122273624	"T12"	242	86.6833317310773	17	177	53.851648071345	10	191	54.744862772684	9	163	84.6640419540669	16	NA	NA	8	8	15	15	NA	NA	-0.0726959914821195	-0.394510851418707	26	29	37	28	NA	NA	NA	NA	NA	NA	NA	NA	0.347634	0.38592	0.32175	NA	0.490833466939314	0.243945074768485	"Deregnaucourt_2002_Quail"	"table2&3"	NA	NA	NA	"ES077"	"male"	-0.254529669907196	0.0620005837754672	-0.0761236954728011	16.0754195300581
"s010"	"compared with EUR2"	NA	"y"	"Derégnaucourt_Quail.song"	"table2"	"Derégnaucourt_2010"	"Coturnix"	"Coturnix_coturnix_japonica"	"Coturnix_coturnix_coturnix"	"Coturnix_coturnix_coturnix_Coturnix_coturnix_japonica"	"Bird"	"ZW"	-3.199364454444	0.31197122273624	"T23"	171	68.7895340876794	13	166	66.9103878332804	11	175	43.081318457076	8	122	30.5941170815567	6	NA	NA	15	15	8	8	NA	NA	-0.105868066754905	-0.394510851418707	28	37	29	26	NA	NA	NA	NA	NA	NA	NA	NA	NA	0.32175	0.38592	0.347634	0.243945074768485	0.490833466939314	"Deregnaucourt_2002_Quail"	"table2&3"	NA	NA	NA	"ES078"	"male"	-0.154119284805557	0.0616897307533907	-0.0527981855669708	23.366161616004
"s010"	"compared with EUR2"	NA	"y"	"Derégnaucourt_Quail.song"	"table2"	"Derégnaucourt_2010"	"Coturnix"	"Coturnix_coturnix_japonica"	"Coturnix_coturnix_coturnix"	"Coturnix_coturnix_coturnix_Coturnix_coturnix_japonica"	"Bird"	"ZW"	-3.199364454444	0.31197122273624	"Mean of mean frequency"	2598	301.615649461363	57	2361	267.641551333122	44	2608	177.710438635439	33	2525	433.416658655387	85	NA	NA	15	15	8	8	NA	NA	-0.284074129330134	-0.394510851418707	28	37	29	26	NA	NA	NA	NA	NA	NA	NA	NA	NA	0.32175	0.38592	0.347634	0.243945074768485	0.490833466939314	"Deregnaucourt_2002_Quail"	"table2&3"	NA	NA	NA	"ES079"	"male"	-1.04934043860311	0.0698515686483815	-0.0994983859610308	29.0392042130768
"s010"	"compared with EUR2"	NA	"y"	"Derégnaucourt_Quail.song"	"table2"	"Derégnaucourt_2010"	"Coturnix"	"Coturnix_coturnix_coturnix"	"Coturnix_coturnix_japonica"	"Coturnix_coturnix_coturnix_Coturnix_coturnix_japonica"	"Bird"	"ZW"	-3.199364454444	0.31197122273624	"Mean FM"	52	6.62872536767062	1.3	46.5	5.3851648071345	1	42.3	4.86621002423858	0.8	45.8	3.17490157327751	0.6	NA	NA	8	8	15	15	NA	NA	-0.227317138744037	-0.394510851418707	26	29	37	28	NA	NA	NA	NA	NA	NA	NA	NA	0.347634	0.38592	0.32175	NA	0.490833466939314	0.243945074768485	"Deregnaucourt_2002_Quail"	"table2&3"	NA	NA	NA	"ES081"	"male"	0.813873590260387	0.0665278933819844	0.0946652265410783	0.0210036137845051
"s010"	"compared with EUR2"	NA	"y"	"Derégnaucourt_Quail.song"	"table2"	"Derégnaucourt_2010"	"Coturnix"	"Coturnix_coturnix_japonica"	"Coturnix_coturnix_coturnix"	"Coturnix_coturnix_coturnix_Coturnix_coturnix_japonica"	"Bird"	"ZW"	-3.199364454444	0.31197122273624	"Mean AM"	59	37.0405183549043	7	57	42.5793377120875	7	57	26.9258240356725	5	48	30.5941170815567	6	NA	NA	15	15	8	8	NA	NA	-0.181560031319135	-0.394510851418707	28	37	29	26	NA	NA	NA	NA	NA	NA	NA	NA	NA	0.32175	0.38592	0.347634	0.243945074768485	0.490833466939314	"Deregnaucourt_2002_Quail"	"table2&3"	NA	NA	NA	"ES082"	"male"	0	0.0615097856477167	0	33.8421009604503
"s010"	"compared with EUR2"	NA	"y"	"Derégnaucourt_Quail.song"	"table2"	"Derégnaucourt_2010"	"Coturnix"	"Coturnix_coturnix_japonica"	"Coturnix_coturnix_coturnix"	"Coturnix_coturnix_coturnix_Coturnix_coturnix_japonica"	"Bird"	"ZW"	-3.199364454444	0.31197122273624	"Variance of mean frequency"	642	195.78559701878	37	598	255.476026272525	42	628	242.332416321053	45	606	270.248034220418	53	NA	NA	15	15	8	8	NA	NA	-0.267237359799478	-0.394510851418707	28	37	29	26	NA	NA	NA	NA	NA	NA	NA	NA	NA	0.32175	0.38592	0.347634	0.243945074768485	0.490833466939314	"Deregnaucourt_2002_Quail"	"table2&3"	NA	NA	NA	"ES083"	"male"	-0.118677122562597	0.0616164845827147	-0.0489494125175671	634.842433551264
"s010"	"compared with EUR2"	NA	"y"	"Derégnaucourt_Quail.song"	"table2"	"Derégnaucourt_2010"	"Coturnix"	"Coturnix_coturnix_japonica"	"Coturnix_coturnix_coturnix"	"Coturnix_coturnix_coturnix_Coturnix_coturnix_japonica"	"Bird"	"ZW"	-3.199364454444	0.31197122273624	"Variance FM"	577	58.206528843421	11	614	54.744862772684	9	589	59.2368128784795	11	563	86.6833317310773	17	NA	NA	15	15	8	8	NA	NA	-0.286344331867254	-0.394510851418707	28	37	29	26	NA	NA	NA	NA	NA	NA	NA	NA	NA	0.32175	0.38592	0.347634	0.243945074768485	0.490833466939314	"Deregnaucourt_2002_Quail"	"table2&3"	NA	NA	NA	"ES085"	"male"	0.435312978558143	0.0629453719303012	0.0415687444955557	1.77500105344298
"s010"	"compared with EUR2"	NA	"y"	"Derégnaucourt_Quail.song"	"table2"	"Derégnaucourt_2010"	"Coturnix"	"Coturnix_coturnix_japonica"	"Coturnix_coturnix_coturnix"	"Coturnix_coturnix_coturnix_Coturnix_coturnix_japonica"	"Bird"	"ZW"	-3.199364454444	0.31197122273624	"Variance AM"	55	21.1660104885167	4	46	24.3310501211929	4	53	26.9258240356725	5	52	30.5941170815567	6	NA	NA	15	15	8	8	NA	NA	-0.268170553535612	-0.394510851418707	28	37	29	26	NA	NA	NA	NA	NA	NA	NA	NA	NA	0.32175	0.38592	0.347634	0.243945074768485	0.490833466939314	"Deregnaucourt_2002_Quail"	"table2&3"	NA	NA	NA	"ES086"	"male"	-0.271291196753462	0.0620673531737464	-0.141650517063027	10.5891019503975
"s11"	NA	NA	"y"	"Doherty.Frog.Song.1984"	"fig4"	"Doherty & Gerhardt 1984"	"Hyla"	"Hyla_chrysoscelis"	"Hyla_femoralis"	"Hyla_chrysoscelis_Hyla_femoralis"	"Amphibian"	"XY"	0.31197122273624	0.31197122273624	"pulse/call"	29.3023255813954	3.25581395348831	NA	15.3488372093024	4.18604651162792	NA	20.0000000000001	9.30232558139537	NA	4.242	0.622576902880277	NA	NA	NA	NA	NA	NA	NA	NA	NA	0.813570630071573	-0.115276863720744	5	5	4	5	NA	NA	NA	NA	NA	NA	NA	NA	NA	NA	NA	NA	NA	NA	NA	NA	NA	NA	NA	"ES087"	"male"	-0.601961515738075	0.470130981468316	-0.264692554227083	3.26964794835773
"s11"	NA	NA	"y"	"Doherty.Frog.Song.1984"	"fig4"	"Doherty & Gerhardt 1984"	"Hyla"	"Hyla_femoralis"	"Hyla_chrysoscelis"	"Hyla_chrysoscelis_Hyla_femoralis"	"Amphibian"	"XY"	0.31197122273624	0.31197122273624	"pulse duration"	48.5106382978724	7.23404255319147	NA	17.872340425532	7.23404255319147	NA	17.0212765957448	8.5106382978723	NA	15.3191489361703	1.2765957446808	NA	NA	NA	NA	NA	NA	NA	NA	NA	0.363963582785589	-0.115276863720744	5	5	6	6	NA	NA	NA	NA	NA	NA	NA	NA	NA	NA	NA	NA	NA	NA	NA	NA	NA	NA	NA	"ES090"	"male"	0.0976044230427835	0.367099695002917	0.0487901641694295	4.84398794140314
"s11"	NA	NA	"y"	"Doherty.Frog.Song.1984"	"fig4"	"Doherty & Gerhardt 1984"	"Hyla"	"Hyla_chrysoscelis"	"Hyla_femoralis"	"Hyla_chrysoscelis_Hyla_femoralis"	"Amphibian"	"XY"	0.31197122273624	0.31197122273624	"pulse rise"	7.60683760683761	1.19658119658119	NA	2.3931623931624	1.88034188034188	NA	1.96581196581197	1.1965811965812	NA	1.36752136752137	0.427350427350429	NA	NA	NA	NA	NA	NA	NA	NA	NA	0.688719614671474	-0.115276863720744	6	6	5	5	NA	NA	NA	NA	NA	NA	NA	NA	NA	NA	NA	NA	NA	NA	NA	NA	NA	NA	NA	"ES091"	"male"	0.242176361972788	0.369332548043866	0.196710294246055	0.546844099496025
"s11"	NA	NA	"y"	"Doherty.Frog.Song.1984"	"fig4"	"Doherty & Gerhardt 1984"	"Hyla"	"Hyla_chrysoscelis"	"Hyla_femoralis"	"Hyla_chrysoscelis_Hyla_femoralis"	"Amphibian"	"XY"	0.31197122273624	0.31197122273624	"pulse decay"	7.71428571428572	2.05714285714286	NA	10.2857142857143	4.88571428571429	NA	8.4	3.25714285714286	NA	4.8	1.71428571428571	NA	NA	NA	NA	NA	NA	NA	NA	NA	-0.0270001907252054	-0.115276863720744	6	5	5	5	NA	NA	NA	NA	NA	NA	NA	NA	NA	NA	NA	NA	NA	NA	NA	NA	NA	NA	NA	"ES092"	"male"	0.409975069209833	0.40840397786868	0.202524264111476	1.40425671115989
"s11"	NA	NA	"y"	"Doherty.Frog.Song.1984"	"fig4"	"Doherty & Gerhardt 1984"	"Hyla"	"Hyla_femoralis"	"Hyla_chrysoscelis"	"Hyla_chrysoscelis_Hyla_femoralis"	"Amphibian"	"XY"	0.31197122273624	0.31197122273624	"pulse period"	157.608695652174	60.3260869565217	NA	80.4347826086956	15.7608695652174	NA	78.2608695652174	23.9130434782609	NA	26.6304347826087	5.97826086956521	NA	NA	NA	NA	NA	NA	NA	NA	NA	0.724467267256154	-0.115276863720744	5	5	5	5	NA	NA	NA	NA	NA	NA	NA	NA	NA	NA	NA	NA	NA	NA	NA	NA	NA	NA	NA	"ES093"	"male"	0.0969018560551899	0.400469498485347	0.0273989741881131	10.6919002622885
"s12"	NA	NA	"y"	"Ewing_1969.AnimBehav.Song"	"table2"	"Ewing_1969"	"Drosophila"	"Drosophila_persimilis"	"Drosophila_pseudoobscura"	"Drosophila_persimilis_Drosophila_pseudoobscura"	"Diptera"	"XY"	0.31197122273624	0.31197122273624	"Mean HRR song pulse intervals in msec"	66.8	10.9	NA	48.7	7.9	NA	56.8	7.3	NA	42.6	4.8	NA	NA	NA	25	25	25	25	NA	NA	-0.0411862444355988	18.4000844744057	386	273	268	281	NA	NA	NA	NA	NA	NA	NA	NA	NA	NA	NA	NA	NA	NA	NA	NA	NA	NA	NA	"ES094"	"male"	-1.06308884338276	0.00843885516185829	-0.153857295638562	0.00905255463461348
"s13"	NA	NA	"y"	"vanderSluijs.Cichlid.Sexual.PhilTransB"	"table1"	"van der Sluijs et al_2008"	"Pundamilia"	"Pundamilia_nyererei"	"Pundamilia_pundamilia"	"Pundamilia_nyererei_Pundamilia_pundamilia"	"Teleost"	NA	-3.199364454444	-3.199364454444	"colour score"	3.89	0.212132034355964	0.05	2.21	0.866833317310773	0.17	2.25	0.804984471899924	0.18	0.21	0.348711915483254	0.08	NA	NA	NA	NA	NA	NA	NA	NA	1.38219957393417	NA	18	26	20	19	NA	NA	NA	NA	NA	NA	NA	NA	4.86	4.84	4.51	4.57	0.441881551408566	0.29689540550224	"Van Der Sluijs_2008_Cichlid"	"text"	NA	NA	NA	"ES095"	"male"	-0.0467638470958204	0.0884853086506167	-0.0179377006866673	0.00886674045690306
"s15"	NA	NA	"y"	"Gottsberger.InsectSong.2007"	"table1"	"Gottsberger&Mayer_2007"	"Chorthippus"	"Chorthippus_brunneus"	"Chorthippus_biguttulus"	"Chorthippus_biguttulus_Chorthippus_brunneus"	"Orthoptera"	"X0"	0.31197122273624	0.31197122273624	"Song duration"	12.26	4.82	NA	12.54	3.37	NA	8.34	3.45	NA	11.84	3.7	NA	NA	NA	3	3	6	6	NA	NA	-0.280409351991853	-0.630785764086214	22	18	19	35	NA	NA	NA	NA	NA	NA	NA	NA	0.352941176470588	0.723684210526316	0.5	0.593220338983051	1.05204808134959	0.460118757244507	"Perdeck_1958_Grasshopper"	"table7"	NA	NA	"wild but caught in juvenile stage"	"ES109"	"male"	1.20457017118957	0.127795097980217	0.407860318834119	0.150325251023209
"s15"	NA	NA	"y"	"Gottsberger.InsectSong.2007"	"table1"	"Gottsberger&Mayer_2007"	"Chorthippus"	"Chorthippus_biguttulus"	"Chorthippus_brunneus"	"Chorthippus_biguttulus_Chorthippus_brunneus"	"Orthoptera"	"X0"	0.31197122273624	0.31197122273624	"Phrase pause"	2.06	0.57	NA	1.74	0.45	NA	1.94	0.39	NA	1.66	0.54	NA	NA	NA	6	6	3	3	NA	NA	-0.176053769358156	-0.630785764086214	35	19	18	22	NA	NA	NA	NA	NA	NA	NA	NA	0.593220338983051	0.5	0.723684210526316	0.352941176470588	0.460118757244507	1.05204808134959	"Perdeck_1958_Grasshopper"	"table7"	NA	NA	"wild but caught in juvenile stage"	"ES111"	"male"	-0.463775873220148	0.111093729916182	-0.108802859848799	0.00101871765975511
"s15"	NA	NA	"y"	"Gottsberger.InsectSong.2007"	"table1"	"Gottsberger&Mayer_2007"	"Chorthippus"	"Chorthippus_brunneus"	"Chorthippus_biguttulus"	"Chorthippus_biguttulus_Chorthippus_brunneus"	"Orthoptera"	"X0"	0.31197122273624	0.31197122273624	"Number of phrases"	7.8	2.4	NA	5.9	1.6	NA	4.7	1.7	NA	3.2	0.9	NA	NA	NA	3	3	6	6	NA	NA	0.213101674313928	-0.630785764086214	22	18	19	35	NA	NA	NA	NA	NA	NA	NA	NA	0.352941176470588	0.723684210526316	0.5	0.593220338983051	1.05204808134959	0.460118757244507	"Perdeck_1958_Grasshopper"	"table7"	NA	NA	"wild but caught in juvenile stage"	"ES112"	"male"	0.710616364137419	0.115011129326976	0.227389842195661	0.0296456252582613
"s15"	NA	NA	"y"	"Gottsberger.InsectSong.2007"	"table1"	"Gottsberger&Mayer_2007"	"Chorthippus"	"Chorthippus_biguttulus"	"Chorthippus_brunneus"	"Chorthippus_biguttulus_Chorthippus_brunneus"	"Orthoptera"	"X0"	0.31197122273624	0.31197122273624	"Syllables per phrase"	32.5	6.9	NA	3.4	1.8	NA	2	0.7	NA	5.3	1	NA	NA	NA	6	6	3	3	NA	NA	0.744915628297639	-0.630785764086214	35	19	18	22	NA	NA	NA	NA	NA	NA	NA	NA	0.593220338983051	0.5	0.723684210526316	0.352941176470588	0.460118757244507	1.05204808134959	"Perdeck_1958_Grasshopper"	"table7"	NA	NA	"wild but caught in juvenile stage"	"ES113"	"male"	0.992600604775785	0.121501404240779	0.53062825106217	0.0668755515570521
"s15"	NA	NA	"y"	"Gottsberger.InsectSong.2007"	"table1"	"Gottsberger&Mayer_2007"	"Chorthippus"	"Chorthippus_biguttulus"	"Chorthippus_brunneus"	"Chorthippus_biguttulus_Chorthippus_brunneus"	"Orthoptera"	"X0"	0.31197122273624	0.31197122273624	"Pulses per syllable"	6.2	0.5	NA	20.2	16.9	NA	32	10.5	NA	3.1	0.1	NA	NA	NA	6	6	3	3	NA	NA	0.0990641575888278	-0.630785764086214	35	19	18	22	NA	NA	NA	NA	NA	NA	NA	NA	0.593220338983051	0.5	0.723684210526316	0.352941176470588	0.460118757244507	1.05204808134959	"Perdeck_1958_Grasshopper"	"table7"	NA	NA	"wild but caught in juvenile stage"	"ES114"	"male"	-0.815469320730843	0.117173488733373	-0.460053298392567	7.3615206719228
"s15"	NA	NA	"y"	"Gottsberger.InsectSong.2007"	"table1"	"Gottsberger&Mayer_2007"	"Chorthippus"	"Chorthippus_biguttulus"	"Chorthippus_brunneus"	"Chorthippus_biguttulus_Chorthippus_brunneus"	"Orthoptera"	"X0"	0.31197122273624	0.31197122273624	"Syllable period"	60.1	7	NA	193.8	156.7	NA	257.7	106.8	NA	29.6	4.5	NA	NA	NA	6	6	3	3	NA	NA	0.107761874048094	-0.630785764086214	35	19	18	22	NA	NA	NA	NA	NA	NA	NA	NA	0.593220338983051	0.5	0.723684210526316	0.352941176470588	0.460118757244507	1.05204808134959	"Perdeck_1958_Grasshopper"	"table7"	NA	NA	"wild but caught in juvenile stage"	"ES115"	"male"	-0.463825943925331	0.111094357560468	-0.284969418201653	738.706365783667
"s15"	NA	NA	"y"	"Gottsberger.InsectSong.2007"	"table1"	"Gottsberger&Mayer_2007"	"Chorthippus"	"Chorthippus_brunneus"	"Chorthippus_biguttulus"	"Chorthippus_biguttulus_Chorthippus_brunneus"	"Orthoptera"	"X0"	0.31197122273624	0.31197122273624	"Phase-shift in"	131.9	15.6	NA	165	24.4	NA	159.6	28	NA	85.9	15.2	NA	NA	NA	3	3	6	6	NA	NA	-0.0532852128914653	-0.630785764086214	22	18	19	35	NA	NA	NA	NA	NA	NA	NA	NA	0.352941176470588	0.723684210526316	0.5	0.593220338983051	1.05204808134959	0.460118757244507	"Perdeck_1958_Grasshopper"	"table7"	NA	NA	"wild but caught in juvenile stage"	"ES117"	"male"	0.200787036594707	0.108731937665958	0.0332747888848717	1.96875260976744
"s16"	NA	NA	"y"	"Bentrey&Hoy_1972_AnimBehav"	"table1"	"Bentrey&Hoy_1972"	"Teleogryllus"	"Teleogryllus_oceanicus"	"Teleogryllus_commodus"	"Teleogryllus_commodus_Teleogryllus_oceanicus"	"Orthoptera"	"X0"	0.31197122273624	0.31197122273624	"Intra-chirp interval"	66.8	6.7	NA	57.5	6.5	NA	60.4	6.1	NA	52.1	6.8	NA	12	12	12	12	12	12	12	12	-0.157232677102918	1.86084058768022	5	10	10	5	290	712	807	489	NA	NA	NA	NA	NA	NA	NA	NA	NA	NA	NA	NA	NA	"N of indv_N of songs. N of parental pairs: 12"	NA	"ES118"	"male"	-0.440599406718935	0.204853195930027	-0.0492041571374644	0.0910097360045894
"s16"	NA	NA	"y"	"Bentrey&Hoy_1972_AnimBehav"	"table1"	"Bentrey&Hoy_1972"	"Teleogryllus"	"Teleogryllus_oceanicus"	"Teleogryllus_commodus"	"Teleogryllus_commodus_Teleogryllus_oceanicus"	"Orthoptera"	"X0"	0.31197122273624	0.31197122273624	"Intra-trill interval"	41	1.8	NA	33	3.8	NA	36.7	5	NA	31.7	3.5	NA	12	12	12	12	12	12	12	12	-0.15220757780897	1.86084058768022	5	10	10	5	740	2833	2450	1840	NA	NA	NA	NA	NA	NA	NA	NA	NA	NA	NA	NA	NA	"N of indv_N of songs. N of parental pairs: 12"	NA	"ES119"	"male"	-0.797909179498923	0.215916476468216	-0.106269193594045	0.0645819992837153
"s16"	NA	NA	"y"	"Bentrey&Hoy_1972_AnimBehav"	"table1"	"Bentrey&Hoy_1972"	"Teleogryllus"	"Teleogryllus_commodus"	"Teleogryllus_oceanicus"	"Teleogryllus_commodus_Teleogryllus_oceanicus"	"Orthoptera"	"X0"	0.31197122273624	0.31197122273624	"Inter-trill interval"	160.9	50.6	NA	154	38.8	NA	136.9	23.6	NA	122.8	14.1	NA	12	12	12	12	12	12	12	12	-0.144730588351347	1.86084058768022	5	10	10	5	119	693	857	813	NA	NA	NA	NA	NA	NA	NA	NA	NA	NA	NA	NA	NA	"N of indv_N of songs. N of parental pairs: 12"	NA	"ES120"	"male"	0.509952647543804	0.206501292568423	0.117701870119226	10.1576446170318
"s16"	NA	NA	"y"	"Bentrey&Hoy_1972_AnimBehav"	"table1"	"Bentrey&Hoy_1972"	"Teleogryllus"	"Teleogryllus_commodus"	"Teleogryllus_oceanicus"	"Teleogryllus_commodus_Teleogryllus_oceanicus"	"Orthoptera"	"X0"	0.31197122273624	0.31197122273624	"No. of A-pulses per chirp"	5.9	0.9	NA	4.9	0.7	NA	4.2	0.6	NA	4.8	0.9	NA	12	12	12	12	12	12	12	12	-0.181560031319135	1.86084058768022	5	10	10	5	100	100	100	100	NA	NA	NA	NA	NA	NA	NA	NA	NA	NA	NA	NA	NA	"N of indv_N of songs. N of parental pairs: 12"	NA	"ES121"	"male"	1.02827379371076	0.226433674870808	0.154150679827258	0.00177624195936878
"s16"	NA	NA	"y"	"Bentrey&Hoy_1972_AnimBehav"	"table1"	"Bentrey&Hoy_1972"	"Teleogryllus"	"Teleogryllus_commodus"	"Teleogryllus_oceanicus"	"Teleogryllus_commodus_Teleogryllus_oceanicus"	"Orthoptera"	"X0"	0.31197122273624	0.31197122273624	"No. of B-pulses per trill"	10.7	5.3	NA	4.9	2	NA	4.5	1.5	NA	2	0.1	NA	12	12	12	12	12	12	12	12	0.666266090104521	1.86084058768022	5	10	10	5	147	200	194	250	NA	NA	NA	NA	NA	NA	NA	NA	NA	NA	NA	NA	NA	"N of indv_N of songs. N of parental pairs: 12"	NA	"ES122"	"male"	0.216690650408813	0.201173870949365	0.0851578083403068	0.0888984656598845
"s16"	NA	NA	"y"	"Bentrey&Hoy_1972_AnimBehav"	"table1"	"Bentrey&Hoy_1972"	"Teleogryllus"	"Teleogryllus_commodus"	"Teleogryllus_oceanicus"	"Teleogryllus_commodus_Teleogryllus_oceanicus"	"Orthoptera"	"X0"	0.31197122273624	0.31197122273624	"No. of B-pulses per phrase"	21.5	10.4	NA	19.4	4.7	NA	18.4	4.9	NA	20.9	3	NA	12	12	12	12	12	12	12	12	-0.284187736589899	1.86084058768022	5	10	10	5	34	37	28	38	NA	NA	NA	NA	NA	NA	NA	NA	NA	NA	NA	NA	NA	"N of indv_N of songs. N of parental pairs: 12"	NA	"ES123"	"male"	0.199466390015527	0.200994671018646	0.0529224014543423	0.298098781114254
"s16"	NA	NA	"y"	"Bentrey&Hoy_1972_AnimBehav"	"table1"	"Bentrey&Hoy_1972"	"Teleogryllus"	"Teleogryllus_oceanicus"	"Teleogryllus_commodus"	"Teleogryllus_commodus_Teleogryllus_oceanicus"	"Orthoptera"	"X0"	0.31197122273624	0.31197122273624	"No. of trills per phrase"	9.4	2.3	NA	4.2	1	NA	4.8	1.2	NA	2.3	1.2	NA	12	12	12	12	12	12	12	12	0.51102923383133	1.86084058768022	5	10	10	5	100	100	100	100	NA	NA	NA	NA	NA	NA	NA	NA	NA	NA	NA	NA	NA	"N of indv_N of songs. N of parental pairs: 12"	NA	"ES124"	"male"	-0.520207402293268	0.206765393535018	-0.133531392624523	0.0148977111678005
"s16"	NA	NA	"y"	"Bentrey&Hoy_1972_AnimBehav"	"table1"	"Bentrey&Hoy_1972"	"Teleogryllus"	"Teleogryllus_commodus"	"Teleogryllus_oceanicus"	"Teleogryllus_commodus_Teleogryllus_oceanicus"	"Orthoptera"	"X0"	0.31197122273624	0.31197122273624	"Phrase repetition rate"	41.7	18.1	NA	33	7	NA	37.5	5.3	NA	28.5	2.4	NA	12	12	12	12	12	12	12	12	-0.0811067398236527	1.86084058768022	5	10	10	5	102	70	105	77	NA	NA	NA	NA	NA	NA	NA	NA	NA	NA	NA	NA	NA	"N of indv_N of songs. N of parental pairs: 12"	NA	"ES125"	"male"	-0.694118598820685	0.21204501573072	-0.127833371509885	0.242080467324151
"s17"	NA	NA	"y"	"Magalhaes_2010.JEB.Cichlid"	"Fig2"	"Magalhaes&Seehausen_2010"	"Pundamilia"	"Pundamilia_pundamilia"	"Pundamilia_nyererei"	"Pundamilia_nyererei_Pundamilia_pundamilia"	"Teleost"	NA	-3.199364454444	-3.199364454444	"% red cover of body"	26.2272727272727	8.3349309763288	NA	7.1	5.12249938994628	NA	6.875	6.01949956391725	NA	2.45	1.65755844542508	NA	NA	NA	3	3	4	4	NA	NA	1.06610362791185	NA	20	5	24	11	NA	NA	NA	NA	NA	NA	NA	NA	4.57	4.51	4.84	4.86	0.29689540550224	0.441881551408566	"Van Der Sluijs_2008_Cichlid"	"text"	NA	NA	NA	"ES129"	"male"	0.0370946892759911	0.241690391079985	0.0322031404946348	5.85673804013695
"s18"	NA	NA	"y"	"Monti.Clasper.BiolLinnSoc"	"table1"	"Monti et al_2001"	"Spodoptera"	"Spodoptera_latifascia"	"Spodoptera_descoinsi"	"Spodoptera_descoinsi_Spodoptera_latifascia"	"Lepidoptera"	"ZW/Z0"	-3.199364454444	-3.199364454444	"clasper shape"	1117	70.47	NA	1080.83	66.62	NA	1097	42.52	NA	977.93	56.86	NA	NA	NA	NA	NA	NA	NA	NA	NA	-0.223856061219929	0.142477586461991	30	30	30	30	NA	NA	NA	NA	NA	NA	NA	NA	NA	NA	NA	NA	NA	NA	NA	NA	NA	NA	NA	"ES130"	"male"	-0.285585845827335	0.0673463272944743	-0.0148499167975888	0.548480109545116
"s20"	NA	NA	"y"	"Päällysaho_2003.Drosophila.song.BehavGen"	"table1"	"Päällysaho et al_2003"	"Drosophila"	"Drosophila_flavomontana"	"Drosophila_virilis"	"Drosophila_flavomontana_Drosophila_virilis"	"Diptera"	"XY"	0.31197122273624	0.31197122273624	"pause"	85.7	9.94	NA	19.7	6.57	NA	12	2	NA	0	NA	NA	NA	NA	10	10	10	10	NA	NA	NA	NA	10	10	10	10	NA	NA	NA	NA	NA	NA	NA	NA	NA	NA	NA	0.99	NA	NA	NA	NA	NA	NA	NA	"ES467"	"male"	1.51845335918466	0.257642515100479	0.495711985955942	0.52950247832807
"s20"	NA	NA	"y"	"Päällysaho_2003.Drosophila.song.BehavGen"	"table1"	"Päällysaho et al_2003"	"Drosophila"	"Drosophila_flavomontana"	"Drosophila_virilis"	"Drosophila_flavomontana_Drosophila_virilis"	"Diptera"	"XY"	0.31197122273624	0.31197122273624	"PI"	27.1	2.38	NA	22.9	2.18	NA	17.5	2.07	NA	19.7	1.25	NA	NA	NA	10	10	10	10	NA	NA	-0.116663569873268	NA	10	10	10	10	NA	NA	NA	NA	NA	NA	NA	NA	NA	NA	NA	0.99	NA	NA	NA	NA	NA	NA	NA	"ES468"	"male"	2.43273386433627	0.347954851367213	0.268936029630725	0.0105607227890238
"s20"	NA	NA	"y"	"Päällysaho_2003.Drosophila.song.BehavGen"	"table1"	"Päällysaho et al_2003"	"Drosophila"	"Drosophila_flavomontana"	"Drosophila_virilis"	"Drosophila_flavomontana_Drosophila_virilis"	"Diptera"	"XY"	0.31197122273624	0.31197122273624	"IPI"	113	8.93	NA	42.6	5.21	NA	29.5	2.22	NA	19.7	1.25	NA	NA	NA	10	10	10	10	NA	NA	0.706429178435514	NA	10	10	10	10	NA	NA	NA	NA	NA	NA	NA	NA	NA	NA	NA	0.99	NA	NA	NA	NA	NA	NA	NA	"ES469"	"male"	3.13274524332776	0.445352318989818	0.367463989929551	0.0437208215035099
"s22"	"KW L. paranigra"	NA	"y"	"Shaw-1996-Evolution"	"table4"	"Shaw_1996"	"Laupala"	"Laupala_kohalensis"	"Laupala_paranigra"	"Laupala_kohalensis_Laupala_paranigra"	"Orthoptera"	"X0"	0.31197122273624	0.31197122273624	"Pulse duration"	39.77	4.41	NA	38.4	2.33	NA	38.76	0.34	NA	38.37	4.53	NA	37	37	5	5	2	2	27	27	-0.279845202657273	NA	37	5	2	27	NA	NA	NA	NA	NA	NA	NA	NA	NA	NA	NA	NA	NA	NA	NA	NA	NA	NA	NA	"ES479"	"male"	-0.144848797510979	0.701498655295741	-0.00933132742888443	0.00893052368563528
"s22"	"OF L. paranigra"	NA	"y"	"Shaw-1996-Evolution"	"table4"	"Shaw_1996"	"Laupala"	"Laupala_kohalensis"	"Laupala_paranigra"	"Laupala_kohalensis_Laupala_paranigra"	"Orthoptera"	"X0"	0.31197122273624	0.31197122273624	"Pulse duration"	39.77	4.41	NA	39.96	1.85	NA	35.94	3.36	NA	38.17	0.6	NA	37	37	10	10	4	4	25	25	-0.276832630435998	NA	37	10	4	25	NA	NA	NA	NA	NA	NA	NA	NA	NA	NA	NA	NA	NA	NA	NA	NA	NA	NA	NA	"ES483"	"male"	1.62072650633701	0.443812657440835	0.10602807242494	0.0074403046291406
"s25"	NA	NA	"y"	"Suvanto_Drosophila.song_BehavGen1994"	"table 1&2"	"Suvanto et al_1994"	"Drosophila"	"Drosophila_virilis"	"Drosophila_lummei"	"Drosophila_lummei_Drosophila_virilis"	"Diptera"	"XY"	0.31197122273624	0.31197122273624	"inhbt_PL"	11	3.74250547996682	NA	11	8.37087553323193	NA	10	3.18417274137474	NA	9	3.5774005555486	NA	NA	NA	NA	NA	NA	NA	NA	NA	-0.184826070551993	0.507629724220865	5	4	5	5	112	87	104	105	NA	NA	NA	NA	0.99	0.95	0.98	0.975	0.314286377536355	0.423933508709062	"Orr_Coyne_1989_Drosophila"	"fertility_table2&3"	NA	"Parents: ?? (mass culture)_SD estimated by Wan et al 2014"	NA	"ES492"	"male"	0.148396272185311	0.451223414088805	0.0953101798043248	5.21838995463784
"s25"	NA	NA	"y"	"Suvanto_Drosophila.song_BehavGen1994"	"table 1&2"	"Suvanto et al_1994"	"Drosophila"	"Drosophila_virilis"	"Drosophila_lummei"	"Drosophila_lummei_Drosophila_virilis"	"Diptera"	"XY"	0.31197122273624	0.31197122273624	"inhbt_CN"	4	0.984869863149162	NA	3	3.26668313491978	NA	3	0.995053981679607	NA	3	0.993722376541278	NA	NA	NA	NA	NA	NA	NA	NA	NA	-0.134667980954014	0.507629724220865	5	4	5	5	112	87	104	105	NA	NA	NA	NA	0.99	0.95	0.98	0.975	0.314286377536355	0.423933508709062	"Orr_Coyne_1989_Drosophila"	"fertility_table2&3"	NA	"Parents: ?? (mass culture)_SD estimated by Wan et al 2014"	NA	"ES493"	"male"	0	0.45	0	1.32055310739677
"s25"	NA	NA	"y"	"Suvanto_Drosophila.song_BehavGen1994"	"table 1&2"	"Suvanto et al_1994"	"Drosophila"	"Drosophila_lummei"	"Drosophila_virilis"	"Drosophila_lummei_Drosophila_virilis"	"Diptera"	"XY"	0.31197122273624	0.31197122273624	"inhbt_IPI"	51	16.0983024999687	NA	53	26.8664575053494	NA	48	30.2168189980079	NA	46	30.530965757624	NA	NA	NA	NA	NA	NA	NA	NA	NA	-0.241022567213302	0.507629724220865	5	5	4	5	105	104	87	112	NA	NA	NA	NA	0.975	0.98	0.95	0.99	0.423933508709062	0.314286377536355	"Orr_Coyne_1989_Drosophila"	"fertility_table2&3"	NA	"Parents: ?? (mass culture)_SD estimated by Wan et al 2014"	NA	"ES494"	"male"	0.156644849883898	0.45136320049973	0.0990909026442308	116.098997009443
"s25"	NA	NA	"y"	"Suvanto_Drosophila.song_BehavGen1994"	"table 1&2"	"Suvanto et al_1994"	"Drosophila"	"Drosophila_virilis"	"Drosophila_borealis"	"Drosophila_borealis_Drosophila_virilis"	"Diptera"	"XY"	0.31197122273624	0.31197122273624	"inhbt_PL"	11	3.74250547996682	NA	12	8.44097165424866	NA	12	5.93092560184646	NA	8	9.66134869582822	NA	NA	NA	NA	NA	NA	NA	NA	NA	-0.11692952345702	NA	5	2	4	4	112	51	86	96	NA	NA	NA	NA	0.99	NA	NA	NA	NA	NA	NA	NA	NA	"Parents: ?? (mass culture)_SD estimated by Wan et al 2014"	NA	"ES495"	"male"	0	0.75	0	10.1726345311841
"s25"	NA	NA	"y"	"Suvanto_Drosophila.song_BehavGen1994"	"table 1&2"	"Suvanto et al_1994"	"Drosophila"	"Drosophila_virilis"	"Drosophila_borealis"	"Drosophila_borealis_Drosophila_virilis"	"Diptera"	"XY"	0.31197122273624	0.31197122273624	"inhbt_CN"	4	0.984869863149162	NA	3	1.55491583104581	NA	3	1.84063208333166	NA	2	1.81150288046779	NA	NA	NA	NA	NA	NA	NA	NA	NA	0.0990641575888278	NA	5	2	4	4	112	51	86	96	NA	NA	NA	NA	0.99	NA	NA	NA	NA	NA	NA	NA	NA	"Parents: ?? (mass culture)_SD estimated by Wan et al 2014"	NA	"ES496"	"male"	0	0.75	0	0.824454245871523
"s27"	NA	NA	"y"	"Wells_insect.song.1994"	"table1"	"Well"	"Chrysoperla"	"Chrysoperla_johnsoni"	"Chrysoperla_plorabunda"	"Chrysoperla_johnsoni_Chrysoperla_plorabunda"	"Neuroptera"	"XY"	0.31197122273624	0.31197122273624	"Volley duration"	1586	146	NA	892	56	NA	718	34	NA	604	22	NA	10	10	10	10	10	10	10	10	0.256003300447538	NA	20	24	25	23	NA	NA	NA	NA	NA	NA	NA	NA	0.62552	0.454357142857143	0.489375	0.547333333333333	0.266030218442319	0.0774186940139447	"Wells_1993_Lacewings"	"table1"	NA	NA	NA	"ES526"	"male"	3.71403660986825	0.222422461967091	0.216996563531786	0.586806878654303
"s27"	NA	NA	"y"	"Wells_insect.song.1994"	"table1"	"Well"	"Chrysoperla"	"Chrysoperla_johnsoni"	"Chrysoperla_plorabunda"	"Chrysoperla_johnsoni_Chrysoperla_plorabunda"	"Neuroptera"	"XY"	0.31197122273624	0.31197122273624	"Volley interval"	3499	302	NA	2220	73	NA	1938	67	NA	1199	32	NA	10	10	10	10	10	10	10	10	0.316872924779526	NA	20	24	25	23	NA	NA	NA	NA	NA	NA	NA	NA	0.62552	0.454357142857143	0.489375	0.547333333333333	0.266030218442319	0.0774186940139447	"Wells_1993_Lacewings"	"table1"	NA	NA	NA	"ES527"	"male"	3.96385825714324	0.241994955265877	0.135850682415613	0.458710273900878
